Used 2021 Maserati, Quattroporte S 3.0L, $36,988, Excellent Price, 43,085 miles, 
Used 2021 Maserati, Levante S GranLusso 3.0L, $37,791, Excellent Price, 25,479 miles, 
Used 2021 Maserati, Levante S GranSport 3.0L, $38,695, Excellent Price, 42,899 miles, 
Used 2021 Maserati, Levante GranSport 3.0L, $36,949, Great Price, 24,981 miles, 
Used 2021 Maserati, Levante S GranLusso 3.0L, $36,991, Excellent Price, 35,851 miles, 
Used 2021 Maserati, Levante S GranLusso 3.0L, $32,039, Excellent Price, 49,345 miles, 
Used 2021 Maserati, Levante GTS 3.8L, $55,000, Fair Price, 29,185 miles, 
Used 2021 Maserati, Levante S GranLusso 3.0L, $35,920, Excellent Price, 26,749 miles, 
Used 2021 Maserati, Levante 3.0L, $30,449, Excellent Price, 46,492 miles, 
Used 2021 Maserati, Levante GranSport 3.0L, $36,895, Fair Price, 25,659 miles, 
Used 2021 Maserati, Levante 3.0L, $33,000, High Price, 34,949 miles, 
