Used 2024 Mercedes-Benz, EQB 300 4MATIC, $42,520, Excellent Price, 963 miles, 
Used 2024 Mercedes-Benz, GLB 250 FWD, $38,777, Great Price, 3,889 miles, 
Used 2024 Mercedes-Benz, GLB 250 FWD, $37,777, Great Price, 6,769 miles, 
Used 2024 Mercedes-Benz, GLE 350 4MATIC SUV, $48,998, Excellent Price, 26,163 miles, 
Used 2024 Mercedes-Benz, S 580, $87,998, Excellent Price, 25,103 miles, 
Used 2024 Mercedes-Benz, eSprinter Cargo Van 2500 Standard Output, $49,991, Excellent Price, 91 miles, 
Used 2024 Mercedes-Benz, GLB 250 FWD, $36,995, Great Price, 13,106 miles, 
Used 2024 Mercedes-Benz, EQE 350+ RWD SUV, $52,998, Excellent Price, 6,197 miles, 
Used 2024 Mercedes-Benz, EQE 350+ Sedan, $39,985, Excellent Price, 18,634 miles, 
Used 2024 Mercedes-Benz, EQE 350+ RWD SUV, $45,895, Great Price, 28,250 miles, 
Used 2024 Mercedes-Benz, EQE 350+ Sedan, $44,990, Excellent Price, 5,470 miles, 
Used 2024 Mercedes-Benz, AMG GLC 43 SUV 4MATIC, $55,460, Excellent Price, 9,254 miles, 
Used 2024 Mercedes-Benz, EQB 300 4MATIC, $42,520, Excellent Price, 963 miles, 
Used 2024 Mercedes-Benz, GLE 350 4MATIC SUV, $49,920, Great Price, 25,545 miles, 
Used 2024 Mercedes-Benz, GLE 450 4MATIC SUV, $53,000, Excellent Price, 17,935 miles, 
Used 2024 Mercedes-Benz, GLE 450e Plug-In Hybrid 4MATIC SUV, $53,420, Excellent Price, 21,005 miles, 
Used 2024 Mercedes-Benz, EQE 350 4MATIC Sedan, $54,998, Excellent Price, 4,233 miles, 
Used 2024 Mercedes-Benz, GLE 450e Plug-In Hybrid 4MATIC SUV, $53,420, Great Price, 28,335 miles, 
Used 2024 Mercedes-Benz, GLE 350 4MATIC SUV, $59,999, Excellent Price, 8,279 miles, 
Used 2024 Mercedes-Benz, GLC 300 SUV 4MATIC, $44,997, Fair Price, 4,236 miles, 
Used 2024 Mercedes-Benz, GLB 250 4MATIC, $36,974, Excellent Price, 10,705 miles, 
Used 2024 Mercedes-Benz, GLB 250 FWD, $37,777, Great Price, 6,769 miles, 
Used 2024 Mercedes-Benz, CLE 300 Coupe 4MATIC, $48,999, Great Price, 2,846 miles, 
Used 2024 Mercedes-Benz, GLE 450e Plug-In Hybrid 4MATIC SUV, $52,490, Great Price, 30,260 miles, 
Used 2024 Mercedes-Benz, GLB 250 FWD, $37,777, Great Price, 6,908 miles, 
Used 2024 Mercedes-Benz, GLC 300 SUV 4MATIC, $38,905, Excellent Price, 35,172 miles, 
Used 2024 Mercedes-Benz, C 300 RWD, $36,390, Great Price, 20,826 miles, 
Used 2024 Mercedes-Benz, GLC 300 SUV 4MATIC, $38,420, Great Price, 26,375 miles, 
Used 2024 Mercedes-Benz, GLB 250 4MATIC, $35,985, Great Price, 16,711 miles, 
Used 2024 Mercedes-Benz, AMG EQE 4MATIC+ SUV, $58,960, Excellent Price, 15,201 miles, 
Used 2024 Mercedes-Benz, GLB 250 FWD, $38,777, Great Price, 3,889 miles, 
Used 2024 Mercedes-Benz, C 300 RWD, $39,997, Excellent Price, 4,534 miles, 
Used 2024 Mercedes-Benz, AMG GLE 53 4MATIC+ Coupe, $78,859, Great Price, 13,343 miles, 
Used 2024 Mercedes-Benz, GLB 250 FWD, $37,777, Great Price, 6,908 miles, 
Used 2024 Mercedes-Benz, GLB 250 FWD, $38,797, Fair Price, 7,788 miles, 
Used 2024 Mercedes-Benz, GLB 250 4MATIC, $36,974, Excellent Price, 10,705 miles, 
Used 2024 Mercedes-Benz, AMG GLE 53 4MATIC+ Coupe, $78,303, Great Price, 21,878 miles, 
Used 2024 Mercedes-Benz, Maybach S 580, $159,999, Excellent Price, 2,605 miles, 
Used 2024 Mercedes-Benz, GLE 350 4MATIC SUV, $59,999, Excellent Price, 18,402 miles, 
Used 2024 Mercedes-Benz, GLE 350 4MATIC SUV, $56,998, Fair Price, 16,980 miles, 
Used 2024 Mercedes-Benz, GLB 250 4MATIC, $38,668, Great Price, 11,052 miles, 
Used 2024 Mercedes-Benz, C 300 RWD, $34,960, Fair Price, 9,014 miles, 
Used 2024 Mercedes-Benz, C 300 4MATIC, $42,999, Excellent Price, 9,960 miles, 
Used 2024 Mercedes-Benz, GLE 350 4MATIC SUV, $50,720, Fair Price, 39,961 miles, 
Used 2024 Mercedes-Benz, EQE 350+ RWD SUV, $59,999, Excellent Price, 880 miles, 
Used 2024 Mercedes-Benz, CLE 300 Coupe 4MATIC, $50,995, Great Price, 3,065 miles, 
Used 2024 Mercedes-Benz, EQE 350 4MATIC SUV, $58,999, Excellent Price, 6,271 miles, 
Used 2024 Mercedes-Benz, GLB 250 4MATIC, $37,420, Great Price, 11,225 miles, 
Used 2024 Mercedes-Benz, GLA 250 4MATIC, $36,990, Excellent Price, 11,513 miles, 
Used 2024 Mercedes-Benz, GLE 350 4MATIC SUV, $60,999, Great Price, 17,873 miles, 
Used 2024 Mercedes-Benz, Sprinter Crew Van 2500 High Roof I4 Diesel 170" RWD, $52,499, Excellent Price, 10,520 miles, 
Used 2024 Mercedes-Benz, GLS 580 4MATIC, $93,894, Great Price, 14,595 miles, 
Used 2024 Mercedes-Benz, C 300 4MATIC, $41,997, Great Price, 11,747 miles, 
Used 2024 Mercedes-Benz, EQE 350 4MATIC SUV, $58,999, Excellent Price, 5,588 miles, 
Used 2024 Mercedes-Benz, C 300 RWD, $39,541, Fair Price, 11,719 miles, 
Used 2024 Mercedes-Benz, C 300 4MATIC, $42,999, Great Price, 9,757 miles, 
Used 2024 Mercedes-Benz, AMG GLE 53 4MATIC+ Coupe, $77,960, Great Price, 20,719 miles, 
Used 2024 Mercedes-Benz, C 300 4MATIC, $44,997, Great Price, 11,911 miles, 
Used 2024 Mercedes-Benz, GLE 450e Plug-In Hybrid 4MATIC SUV, $52,939, Fair Price, 39,171 miles, 
Used 2024 Mercedes-Benz, GLE 350 4MATIC SUV, $59,999, Great Price, 20,422 miles, 
Used 2024 Mercedes-Benz, C 300 RWD, $41,997, Great Price, 9,645 miles, 
Used 2024 Mercedes-Benz, GLB 250 4MATIC, $41,998, Great Price, 8,424 miles, 
Used 2024 Mercedes-Benz, GLB 250 FWD, $32,460, Great Price, 2,530 miles, 
Used 2024 Mercedes-Benz, GLC 300 SUV RWD, $39,995, Great Price, 21,564 miles, 
Used 2024 Mercedes-Benz, C 300 RWD, $39,998, Fair Price, 19,396 miles, 
Used 2024 Mercedes-Benz, Sprinter Passenger Van 2500 Standard Roof 144" Diesel HO RWD, $63,999, Great Price, 788 miles, 
Used 2024 Mercedes-Benz, GLE 350 4MATIC SUV, $61,853, Fair Price, 14,241 miles, 
Used 2024 Mercedes-Benz, GLC 300 SUV 4MATIC, $44,997, Fair Price, 4,236 miles, 
Used 2024 Mercedes-Benz, AMG GLE 63 S 4MATIC+ Coupe, $109,633, Great Price, 15,222 miles, 
Used 2024 Mercedes-Benz, EQE 350+ Sedan, $44,787, Great Price, 15,269 miles, 
Used 2024 Mercedes-Benz, AMG G 63, $199,999, Great Price, 9,396 miles, 
Used 2024 Mercedes-Benz, GLB 250 FWD, $40,998, Great Price, 5,244 miles, 
Used 2024 Mercedes-Benz, E 350 Sedan, $54,388, Excellent Price, 12,863 miles, 
Used 2024 Mercedes-Benz, C 300 RWD, $39,497, Fair Price, 19,404 miles, 
Used 2024 Mercedes-Benz, C 300 4MATIC, $41,333, Fair Price, 4,779 miles, 
Used 2024 Mercedes-Benz, GLC 300 SUV 4MATIC, $48,999, Great Price, 8,623 miles, 
Used 2024 Mercedes-Benz, GLC 300 SUV 4MATIC, $38,905, Excellent Price, 35,172 miles, 
Used 2024 Mercedes-Benz, S 580, $112,999, Great Price, 4,618 miles, 
Used 2024 Mercedes-Benz, GLC 300 SUV RWD, $39,995, Great Price, 21,564 miles, 
Used 2024 Mercedes-Benz, C 300 RWD, $44,998, Fair Price, 10,209 miles, 
Used 2024 Mercedes-Benz, AMG GLB 35 4MATIC, $52,777, Great Price, 508 miles, 
Used 2024 Mercedes-Benz, GLB 250 FWD, $35,765, Great Price, 13,982 miles, 
Used 2024 Mercedes-Benz, C 300 RWD, $41,311, Great Price, 15,118 miles, 
Used 2024 Mercedes-Benz, EQE 350 4MATIC SUV, $56,999, Great Price, 16,543 miles, 
Used 2024 Mercedes-Benz, AMG GLC 43 SUV 4MATIC, $56,778, Fair Price, 4,846 miles, 
Used 2024 Mercedes-Benz, GLB 250 FWD, $37,023, Great Price, 4,876 miles, 
Used 2024 Mercedes-Benz, GLB 250 FWD, $35,420, Great Price, 16,339 miles, 
Used 2024 Mercedes-Benz, EQS 450+ RWD Sedan, $89,999, Great Price, 98 miles, 
Used 2024 Mercedes-Benz, GLE 350 4MATIC SUV, $56,998, Fair Price, 16,980 miles, 
Used 2024 Mercedes-Benz, Sprinter Passenger Van 2500 Standard Roof 144" Diesel HO RWD, $65,999, Great Price, 1,893 miles, 
Used 2024 Mercedes-Benz, C 300 RWD, $40,258, Great Price, 6,299 miles, 
Used 2024 Mercedes-Benz, GLB 250 4MATIC, $42,917, Fair Price, 6,996 miles, 
Used 2024 Mercedes-Benz, C 300 4MATIC, $42,795, Great Price, 4,681 miles, 
Used 2024 Mercedes-Benz, C 300 4MATIC, $41,478, Great Price, 12,111 miles, 
Used 2024 Mercedes-Benz, AMG GT 53 Sedan, $99,988, Fair Price, 12,813 miles, 
Used 2024 Mercedes-Benz, C 300 RWD, $42,355, Great Price, 5,745 miles, 
Used 2024 Mercedes-Benz, C 300 RWD, $39,998, Fair Price, 19,396 miles, 
Used 2024 Mercedes-Benz, GLE 350 4MATIC SUV, $61,853, Fair Price, 14,241 miles, 
Used 2024 Mercedes-Benz, AMG GLE 53 4MATIC+ Coupe, $81,495, Fair Price, 9,761 miles, 
Used 2024 Mercedes-Benz, GLE 450e Plug-In Hybrid 4MATIC SUV, $72,999, Fair Price, 3,328 miles, 
Used 2024 Mercedes-Benz, Sprinter Passenger Van 2500 Standard Roof 144" Diesel RWD, $63,999, Fair Price, 3,302 miles, 
Used 2024 Mercedes-Benz, S 580, $112,998, Fair Price, 8,991 miles, 
Used 2024 Mercedes-Benz, E 350 Sedan, $60,999, Fair Price, 10,665 miles, 
Used 2024 Mercedes-Benz, S 580e, $112,999, Great Price, 2,836 miles, 
Used 2024 Mercedes-Benz, E 350 Sedan, $54,388, Excellent Price, 12,863 miles, 
Used 2024 Mercedes-Benz, AMG GT 43 Sedan, $88,899, Fair Price, 5,757 miles, 
Used 2024 Mercedes-Benz, GLB 250 FWD, $35,765, Great Price, 13,982 miles, 
Used 2024 Mercedes-Benz, C 300 RWD, $41,311, Great Price, 15,118 miles, 
Used 2024 Mercedes-Benz, GLE 450 4MATIC SUV, $60,960, Fair Price, 10,439 miles, 
Used 2024 Mercedes-Benz, EQE 350+ Sedan, $43,999, Excellent Price, 14,296 miles, 
Used 2024 Mercedes-Benz, GLS 450 4MATIC, $82,320, Fair Price, 3,768 miles, 
Used 2024 Mercedes-Benz, GLC 300 Coupe 4MATIC, $54,420, Fair Price, 26,891 miles, 
Used 2024 Mercedes-Benz, CLE 300 Coupe 4MATIC, $54,750, Fair Price, 4,896 miles, 
Used 2024 Mercedes-Benz, GLB 250 FWD, $41,999, Fair Price, 9,941 miles, 
Used 2024 Mercedes-Benz, GLB 250 FWD, $37,023, Great Price, 4,876 miles, 
Used 2024 Mercedes-Benz, GLB 250 FWD, $35,420, Great Price, 16,339 miles, 
Used 2024 Mercedes-Benz, E 350 Sedan, $61,354, Fair Price, 8,637 miles, 
Used 2024 Mercedes-Benz, AMG GLE 53 4MATIC+ Coupe, $76,666, High Price, 30,509 miles, 
Used 2024 Mercedes-Benz, GLE 350 4MATIC SUV, $51,895, High Price, 28,269 miles, 
Used 2024 Mercedes-Benz, C 300 RWD, $40,258, Great Price, 6,299 miles, 
Used 2024 Mercedes-Benz, C 300 RWD, $43,996, Fair Price, 4,471 miles, 
Used 2024 Mercedes-Benz, C 300 4MATIC, $42,795, Great Price, 4,681 miles, 
Used 2024 Mercedes-Benz, AMG CLE 53 Coupe 4MATIC+, $73,999, Fair Price, 4,009 miles, 
Used 2024 Mercedes-Benz, C 300 4MATIC, $41,478, Great Price, 12,111 miles, 
Used 2024 Mercedes-Benz, GLE 350 4MATIC SUV, $51,165, High Price, 46,497 miles, 
Used 2024 Mercedes-Benz, GLS 450 4MATIC, $80,599, High Price, 12,085 miles, 
Used 2024 Mercedes-Benz, C 300 RWD, $34,460, Fair Price, 12,925 miles, 
Used 2024 Mercedes-Benz, GLE 450 4MATIC SUV, $60,960, Fair Price, 10,439 miles, 
Used 2024 Mercedes-Benz, CLE 300 Coupe 4MATIC, $54,750, Fair Price, 4,896 miles, 
Used 2024 Mercedes-Benz, GLE 350 4MATIC SUV, $51,895, High Price, 28,269 miles, 
Used 2024 Mercedes-Benz, GLA 250 FWD, $37,990, Fair Price, 8,730 miles, 
Used 2024 Mercedes-Benz, GLC 300 SUV RWD, $46,994, Fair Price, 6,629 miles, 
Used 2024 Mercedes-Benz, GLE 350 4MATIC SUV, $51,165, High Price, 46,497 miles, 
Used 2024 Mercedes-Benz, GLE 450 4MATIC SUV, $74,999, Fair Price, 7,486 miles, 
Used 2024 Mercedes-Benz, AMG GLE 53 4MATIC+ Coupe, $76,666, High Price, 30,509 miles, 
Used 2024 Mercedes-Benz, AMG CLE 53 Coupe 4MATIC+, $73,999, Fair Price, 4,009 miles, 
Used 2024 Mercedes-Benz, GLB 250 FWD, $42,998, Fair Price, 10,255 miles, 
Used 2024 Mercedes-Benz, GLE 350 4MATIC SUV, $68,997, Fair Price, 1,619 miles, 
Used 2024 Mercedes-Benz, GLS 450 4MATIC, $75,295, Fair Price, 22,230 miles, 
Used 2024 Mercedes-Benz, EQS 450 4MATIC SUV, $72,960, Fair Price, 627 miles, 
Used 2024 Mercedes-Benz, GLS 450 4MATIC, $87,998, Fair Price, 1,616 miles, 
Used 2024 Mercedes-Benz, CLE 450 Coupe 4MATIC, $60,518, Fair Price, 2,666 miles, 
Used 2024 Mercedes-Benz, GLB 250 FWD, $43,999, Fair Price, 8,103 miles, 
Used 2024 Mercedes-Benz, Maybach GLS 600 4MATIC, $169,999, Fair Price, 948 miles, 
Used 2024 Mercedes-Benz, AMG EQE 4MATIC+ SUV, $74,900, Fair Price, 6,515 miles, 
Used 2024 Mercedes-Benz, GLS 450 4MATIC, $80,599, High Price, 12,085 miles, 
Used 2024 Mercedes-Benz, GLC 300 SUV 4MATIC, $50,999, Fair Price, 10,859 miles, 
Used 2024 Mercedes-Benz, CLA 250 4MATIC, $34,460, Fair Price, 15,346 miles, 
Used 2024 Mercedes-Benz, EQB 350 4MATIC, $45,920, Fair Price, 105 miles, 
Used 2024 Mercedes-Benz, GLS 450 4MATIC, $73,495, High Price, 27,290 miles, 
Used 2024 Mercedes-Benz, GLE 350 4MATIC SUV, $59,979, High Price, 20,301 miles, 
Used 2024 Mercedes-Benz, C 300 RWD, $41,549, Fair Price, 7,299 miles, 
Used 2024 Mercedes-Benz, C 300 4MATIC, $38,960, High Price, 1,954 miles, 
Used 2024 Mercedes-Benz, CLA 250 4MATIC, $40,999, High Price, 6,792 miles, 
Used 2024 Mercedes-Benz, AMG GLE 53 4MATIC+ SUV, $75,999, Fair Price, 9,236 miles, 
Used 2024 Mercedes-Benz, C 300 RWD, $45,375, High Price, 851 miles, 
Used 2024 Mercedes-Benz, CLE 300 Coupe 4MATIC, $53,999, Fair Price, 10,480 miles, 
Used 2024 Mercedes-Benz, GLE 350 4MATIC SUV, $55,988, High Price, 27,960 miles, 
Used 2024 Mercedes-Benz, CLA 250 4MATIC, $35,460, High Price, 2,828 miles, 
Used 2024 Mercedes-Benz, GLB 250 FWD, $43,999, Fair Price, 8,103 miles, 
Used 2024 Mercedes-Benz, Maybach GLS 600 4MATIC, $169,999, Fair Price, 948 miles, 
Used 2024 Mercedes-Benz, GLC 300 SUV 4MATIC, $50,999, Fair Price, 10,859 miles, 
Used 2024 Mercedes-Benz, GLS 450 4MATIC, $70,000, High Price, 13,010 miles, 
Used 2024 Mercedes-Benz, EQE 350 4MATIC SUV, $56,999, High Price, 12,284 miles, 
Used 2024 Mercedes-Benz, EQS 450 4MATIC SUV, $72,960, Fair Price, 627 miles, 
Used 2024 Mercedes-Benz, CLE 300 Coupe 4MATIC, $53,999, Fair Price, 10,480 miles, 
Used 2024 Mercedes-Benz, GLE 450e Plug-In Hybrid 4MATIC SUV, $63,988, High Price, 18,168 miles, 
Used 2024 Mercedes-Benz, GLC 300 SUV RWD, $51,403, High Price, 9,638 miles, 
Used 2024 Mercedes-Benz, AMG GLC 43 SUV 4MATIC, $55,460, High Price, 13,190 miles, 
Used 2024 Mercedes-Benz, GLA 250 FWD, $32,460, High Price, 10,520 miles, 
Used 2024 Mercedes-Benz, AMG GLS 63 4MATIC+, $139,999, Fair Price, 5,554 miles, 
Used 2024 Mercedes-Benz, GLC 300 SUV 4MATIC, $54,999, High Price, 3,167 miles, 
Used 2024 Mercedes-Benz, EQE 500 4MATIC Sedan, $54,960, High Price, 4,936 miles, 
Used 2024 Mercedes-Benz, AMG GLA 35 4MATIC, $49,999, Fair Price, 9,124 miles, 
Used 2024 Mercedes-Benz, GLC 300 SUV 4MATIC, $44,000, High Price, 1,623 miles, 
Used 2024 Mercedes-Benz, C 300 RWD, $49,669, High Price, 6,423 miles, 
Used 2024 Mercedes-Benz, AMG GLA 35 4MATIC, $49,999, Fair Price, 8,115 miles, 
Used 2024 Mercedes-Benz, CLE 450 Coupe 4MATIC, $63,793, High Price, 8,795 miles, 
Used 2024 Mercedes-Benz, EQE 350+ RWD SUV, $45,960, High Price, 17,045 miles, 
Used 2024 Mercedes-Benz, GLB 250 FWD, $39,997, High Price, 13,828 miles, 
Used 2024 Mercedes-Benz, GLB 250 4MATIC, $40,882, High Price, 23,507 miles, 
Used 2024 Mercedes-Benz, GLE 450 4MATIC SUV, $62,999, High Price, 31,715 miles, 
Used 2024 Mercedes-Benz, AMG C 63 S E Performance 4MATIC, $67,960, High Price, 6,304 miles, 
Used 2024 Mercedes-Benz, Sprinter Cargo Van 3500 High Roof Diesel HO 170" RWD, $56,989, High Price, 5 miles, 
Used 2024 Mercedes-Benz, AMG EQE 4MATIC+ SUV, $59,960, High Price, 9,310 miles, 
Used 2024 Mercedes-Benz, GLB 250 FWD, $42,999, High Price, 10,890 miles, 
Used 2024 Mercedes-Benz, GLC 300 SUV RWD, $51,403, High Price, 9,638 miles, 
Used 2024 Mercedes-Benz, Sprinter Cargo Van 2500 High Roof Diesel HO 170" RWD, $48,460, High Price, 10,439 miles, 
Used 2024 Mercedes-Benz, GLE 450 4MATIC SUV, $62,999, High Price, 31,715 miles, 
Used 2024 Mercedes-Benz, GLC 300 SUV 4MATIC, $44,000, High Price, 1,623 miles, 
Used 2024 Mercedes-Benz, GLS 450 4MATIC, $70,197, Fair Price, 45,683 miles, 
Used 2024 Mercedes-Benz, GLE 350 4MATIC SUV, $52,920, Great Price, 10,690 miles, 
Used 2024 Mercedes-Benz, Sprinter Cargo Van 2500 Standard Roof Diesel 144" RWD, $52,999, High Price, 10,717 miles, 
Used 2024 Mercedes-Benz, C 300 RWD, $43,052, High Price, 7,821 miles, 
Used 2024 Mercedes-Benz, AMG GLE 53 4MATIC+ Coupe, $77,960, High Price, 13,933 miles, 
Used 2024 Mercedes-Benz, GLC 300 SUV 4MATIC, $54,999, High Price, 3,167 miles, 
Used 2024 Mercedes-Benz, E 350 Sedan, $71,999, High Price, 5,984 miles, 
Used 2024 Mercedes-Benz, C 300 RWD, $44,180, High Price, 4,645 miles, 
Used 2024 Mercedes-Benz, EQE 500 4MATIC Sedan, $54,960, High Price, 4,936 miles, 
Used 2024 Mercedes-Benz, EQE 350+ RWD SUV, $45,960, High Price, 17,045 miles, 
Used 2024 Mercedes-Benz, CLE 450 Coupe 4MATIC, $51,960, High Price, 791 miles, 
Used 2024 Mercedes-Benz, EQE 350 4MATIC SUV, $53,960, High Price, 1,157 miles, 
Used 2024 Mercedes-Benz, C 300 RWD, $44,070, High Price, 3,217 miles, 
Used 2024 Mercedes-Benz, AMG G 63, $219,999, High Price, 14,084 miles, 
Used 2024 Mercedes-Benz, E 350 Sedan, $67,511, High Price, 9,504 miles, 
Used 2024 Mercedes-Benz, Sprinter Cargo Van 3500 High Roof Diesel HO 170" RWD, $56,989, High Price, 5 miles, 
Used 2024 Mercedes-Benz, E 350 Sedan, $53,960, High Price, 1,846 miles, 
Used 2024 Mercedes-Benz, GLC 300 Coupe 4MATIC, $54,997, Fair Price, 31,422 miles, 
Used 2024 Mercedes-Benz, CLA 250 FWD, $32,960, High Price, 20,233 miles, 
Used 2024 Mercedes-Benz, GLB 250 FWD, $39,896, High Price, 7,276 miles, 
Used 2024 Mercedes-Benz, EQE 350 4MATIC SUV, $51,460, High Price, 7,805 miles, 
Used 2024 Mercedes-Benz, EQE 350 4MATIC Sedan, $50,460, High Price, 7,859 miles, 
Used 2024 Mercedes-Benz, E 350 Sedan, $73,369, High Price, 11,754 miles, 
Used 2024 Mercedes-Benz, Maybach S 580, $208,500, High Price, 1,868 miles, 
Used 2024 Mercedes-Benz, AMG C 43 4MATIC, $50,960, High Price, 15,605 miles, 
Used 2024 Mercedes-Benz, CLA 250 FWD, $32,960, High Price, 25,986 miles, 
Used 2024 Mercedes-Benz, E 350 Sedan, $55,460, High Price, 5,005 miles, 
Used 2024 Mercedes-Benz, AMG EQE 4MATIC+ SUV, $64,420, Fair Price, 10,212 miles, 
Used 2024 Mercedes-Benz, EQE 350 4MATIC Sedan, $50,460, High Price, 13,522 miles, 
Used 2024 Mercedes-Benz, AMG EQE 4MATIC+ SUV, $58,960, High Price, 15,938 miles, 
Used 2024 Mercedes-Benz, EQE 350 4MATIC Sedan, $49,460, High Price, 13,678 miles, 
Used 2024 Mercedes-Benz, GLS 450 4MATIC, $76,899, Fair Price, 15,317 miles, 
Used 2024 Mercedes-Benz, C 300 RWD, $39,141, Fair Price, 15,794 miles, 
Used 2024 Mercedes-Benz, Maybach GLS 600 4MATIC, $154,990, Fair Price, 8,405 miles, 
Used 2024 Mercedes-Benz, CLA 250 4MATIC, $38,920, High Price, 5,120 miles, 
Used 2024 Mercedes-Benz, GLA 250 FWD, $31,460, High Price, 13,768 miles, 
Used 2024 Mercedes-Benz, GLB 250 FWD, $41,681, High Price, 12,107 miles, 
Used 2024 Mercedes-Benz, AMG S 63 E, $179,999, High Price, 2,368 miles, 
Used 2024 Mercedes-Benz, AMG G 63, $309,999, High Price, 160 miles, 
