Used 2019 Cadillac, CT6 Platinum 3.0T AWD, $28,995, Excellent Price, 95,014 miles, 
Used 2019 Cadillac, XTS Luxury FWD, $24,998, Excellent Price, 46,883 miles, 
Used 2019 Cadillac, Escalade Luxury 4WD, $26,990, Excellent Price, 120,269 miles, 
Used 2019 Cadillac, XT4 Sport AWD, $16,995, Great Price, 95,957 miles, 
Used 2019 Cadillac, CTS Luxury 2.0L Turbo AWD, $21,203, Great Price, 61,511 miles, 
Used 2019 Cadillac, Escalade ESV Premium Luxury 4WD, $23,765, Great Price, 152,231 miles, 
Used 2019 Cadillac, Escalade Luxury 4WD, $29,995, Great Price, 88,570 miles, 
Used 2019 Cadillac, CTS Luxury 2.0L Turbo AWD, $19,995, Excellent Price, 52,244 miles, 
Used 2019 Cadillac, XT5 AWD, $21,998, Fair Price, 72,784 miles, 
Used 2019 Cadillac, XT5 Platinum AWD, $21,995, Excellent Price, 44,337 miles, 
Used 2019 Cadillac, XT4 Premium Luxury AWD, $21,500, Excellent Price, 43,127 miles, 
Used 2019 Cadillac, XT4 Premium Luxury AWD, $21,476, Great Price, 65,159 miles, 
Used 2019 Cadillac, Escalade 4WD, $32,995, Fair Price, 70,161 miles, 
Used 2019 Cadillac, Escalade ESV Luxury 4WD, $17,880, Excellent Price, 182,979 miles, 
Used 2019 Cadillac, XT5 Premium Luxury AWD, $14,995, Great Price, 116,853 miles, 
Used 2019 Cadillac, XT4 Premium Luxury AWD, $23,995, High Price, 47,969 miles, 
Used 2019 Cadillac, Escalade 4WD, $30,095, Great Price, 89,443 miles, 
Used 2019 Cadillac, Escalade ESV Luxury 4WD, $27,995, Fair Price, 99,993 miles, 
Used 2019 Cadillac, Escalade ESV Luxury 4WD, $22,995, Excellent Price, 123,432 miles, 
Used 2019 Cadillac, CTS Luxury 2.0L Turbo AWD, $21,995, High Price, 63,015 miles, 
Used 2019 Cadillac, XT4 Premium Luxury FWD, $19,900, High Price, 87,506 miles, 
Used 2019 Cadillac, Escalade Premium Luxury 4WD, $34,967, High Price, 83,116 miles, 
Used 2019 Cadillac, XT4 Premium Luxury FWD, $18,990, High Price, 86,528 miles, 
Used 2019 Cadillac, Escalade Luxury 4WD, $41,997, High Price, 49,100 miles, 
Used 2019 Cadillac, XTS Luxury FWD, $10,995, High Price, 186,265 miles, 
Used 2019 Cadillac, Escalade ESV Luxury 4WD, $34,795, Fair Price, 66,478 miles, 
Used 2019 Cadillac, XT4 Luxury FWD, $24,999, High Price, 44,073 miles, 
Used 2019 Cadillac, XT5 Luxury AWD, $21,595, High Price, 96,946 miles, 
Used 2019 Cadillac, XT5 Luxury FWD, $17,700, High Price, 60,980 miles, 
Used 2019 Cadillac, XT5 Luxury FWD, $17,700, High Price, 60,980 miles, 
