Used 2023 Ram, ProMaster Cargo Van 2500 Low Roof 136", $29,715, Excellent Price, 31,615 miles, 
Used 2023 Ram, 1500 Rebel Crew Cab 5'7" Box 4WD, $43,917, Fair Price, 53,477 miles, 
Used 2023 Ram, 1500 Classic SLT Crew Cab 5'7" Box 4WD, $27,072, Great Price, 60,106 miles, 
Used 2023 Ram, 1500 Big Horn Crew Cab 5'7" Box 4WD, $38,499, Great Price, 14,111 miles, 
Used 2023 Ram, ProMaster Cargo Van 2500 High Roof 159" EXT, $29,988, High Price, 60,302 miles, 
Used 2023 Ram, 1500 Laramie Crew Cab 6'4" Box 4WD, $45,995, Great Price, 23,669 miles, 
Used 2023 Ram, 1500 Big Horn Crew Cab 5'7" Box 4WD, $34,889, Great Price, 20,286 miles, 
Used 2023 Ram, 1500 Big Horn Crew Cab 5'7" Box 4WD, $35,189, Fair Price, 25,121 miles, 
Used 2023 Ram, 1500 Big Horn Crew Cab 6'4" Box 4WD, $37,698, Great Price, 35,978 miles, 
Used 2023 Ram, 1500 Big Horn Crew Cab 5'7" Box 4WD, $31,489, Excellent Price, 55,645 miles, 
Used 2023 Ram, 1500 Laramie Crew Cab 5'7" Box 4WD, $43,725, Great Price, 28,469 miles, 
Used 2023 Ram, 2500 Tradesman Crew Cab 6'4" Box 4WD, $48,998, High Price, 13,795 miles, 
Used 2023 Ram, 1500 Laramie Crew Cab 5'7" Box 4WD, $43,495, High Price, 31,248 miles, 
Used 2023 Ram, ProMaster Cargo Van 2500 High Roof 159" EXT, $28,522, Fair Price, 44,539 miles, 
Used 2023 Ram, 1500 Rebel Crew Cab 5'7" Box 4WD, $47,990, Fair Price, 26,514 miles, 
Used 2023 Ram, 1500 TRX Crew Cab 5'7" Box 4WD, $82,945, High Price, 31,815 miles, 
Used 2023 Ram, 1500 Big Horn Quad Cab 6'4" Box 4WD, $35,389, High Price, 34,260 miles, 
Used 2023 Ram, 3500 Laramie Mega Cab 6'4" Box 4WD, $62,589, Fair Price, 86,434 miles, 
Used 2023 Ram, 1500 Big Horn Quad Cab 6'4" Box 4WD, $33,893, High Price, 16,260 miles, 
Used 2023 Ram, 1500 Big Horn Crew Cab 5'7" Box 4WD, $38,996, High Price, 22,918 miles, 
Used 2023 Ram, ProMaster Cargo Van 2500 High Roof 159" EXT, $33,355, High Price, 38,001 miles, 
Used 2023 Ram, 1500 Big Horn Crew Cab 5'7" Box 4WD, $38,487, Fair Price, 43,453 miles, 
